EmployeeID,LastName,FirstName,Department,Salary
1284,Cox,Anthony,Engineering,116360.71
1356,Poole,Ashley,Engineering,113815.87
1612,Kelley,Amanda,Engineering,102821.72
1812,Luna,Aaron,Engineering,101703.47
1556,Johnson,Alyssa,Engineering,98779.21
1871,Fox,Amber,Engineering,95023.9
1965,Vasquez,Adam,Engineering,86572.05
1288,Villarreal,Ashley,Engineering,85439.12
1394,Ali,Amy,Engineering,85033.03
1160,Williams,Amanda,Engineering,77772.81
1274,Fox,Alfred,Engineering,66456.19
1273,Ramos,Amber,Finance,107926.97
1705,Carter,Andrea,Finance,107356.25
1799,Wilson,Amy,Finance,106104.01
1862,Mills,Ashley,Finance,104143.18
1486,Mcdaniel,Ashley,Finance,97508.75
1534,Griffin,Anthony,Finance,97087.19
1116,Johnson,Andrew,Finance,94901.24
1041,Leach,Aaron,Finance,88513.52
1919,Griffith,Alyssa,Finance,85936.5
1749,Gonzalez,Allison,Finance,83010.65
1071,Wilson,Adam,Finance,76619.34
1489,Mendoza,Amy,Finance,68136.24
1023,Stevens,Amy,Finance,62993.05
1214,Contreras,Antonio,Finance,59442.7
1146,Morgan,Andrew,Finance,59165.76
1550,Knapp,Andrew,Finance,55811.31
1219,Adams,Anthony,HR,93039.24
1361,Kent,Andrea,HR,92625.49
1174,Dillon,Angela,HR,90203.24
1826,Erickson,Ashley,HR,88504.49
1302,Guzman,Ashlee,HR,87383.06
1055,Graves,Anthony,HR,85223.74
1741,Thomas,Allison,HR,85036.1
1441,Castro,Amanda,HR,84991.78
1192,Ford,Anthony,HR,84948.99
1939,Rogers,Adam,HR,84636.41
1575,Thompson,Antonio,HR,82032.51
1625,Williams,Angelica,HR,80987.52
1193,Meyer,Alexander,HR,69522.71
1902,Davis,Andrew,HR,60110.94
1743,Cole,Alexander,HR,58577.41
1348,Gregory,Andres,HR,58100.89
1983,Powell,Amy,HR,54983.68
1977,Townsend,Ashley,IT,110034.47
1043,Morris,Alex,IT,108189.62
1593,Gordon,Amy,IT,107443.24
1241,Hayden,Austin,IT,105508.12
1411,Lee,Austin,IT,99006.79
1120,French,Angela,IT,84710.59
1215,Collins,Amanda,IT,83207.91
1378,Jones,Anthony,IT,79605.71
1708,Bell,Arthur,IT,77360.03
1463,Hernandez,Amber,IT,76625.87
1615,Lucas,Angela,IT,71977.88
1553,Diaz,Anna,IT,68764.34
1989,Mueller,Ashley,IT,66757.77
1792,Cox,Alyssa,IT,66559.65
1461,Villarreal,Anthony,IT,64835.04
1421,Robinson,Aaron,Legal,124872.99
1210,Green,Ashley,Legal,122158.5
1109,Cole,Angela,Legal,117342.89
1870,Ryan,Allison,Legal,115020.12
1735,Bradford,Alfred,Legal,113482.41
1668,Gillespie,Andrea,Legal,112192.33
1503,Grimes,Alicia,Legal,110046.27
1706,Lewis,Alexander,Legal,101809.13
1292,Bonilla,Alexandra,Legal,85650.29
1358,Montes,Andrea,Legal,77720.45
1733,Castro,Alex,Legal,75475.4
1248,Scott,Amy,Legal,73847.69
1198,Salinas,Aaron,Marketing,95607.2
1200,Taylor,Alexis,Marketing,93307.01
1890,Allen,Austin,Marketing,92990.69
1020,Bowers,Anne,Marketing,91853.23
1953,Bowen,Angela,Marketing,87941.52
1687,Henderson,Amanda,Marketing,87291.21
1097,Payne,Angela,Marketing,84565.44
1634,Lewis,Amber,Marketing,80818.55
1981,Baker,Andrew,Marketing,56728.49
1785,Peterson,Ashley,Marketing,55767.78
1151,Hancock,Abigail,Marketing,54325.14
1523,Perez,Andrew,Marketing,51192.35
1252,Johnson,Anna,Sales,81571.6
1663,Hayes,Anna,Sales,74228.6
1425,Graves,Adam,Sales,67572.35
1746,Martinez,Anthony,Sales,63674.89
1510,White,Austin,Sales,50947.84
1713,Gardner,Alicia,Sales,47435.5
1675,Valdez,Adam,Sales,47360.87
1709,Brewer,Anne,Sales,46420.65
1009,Clark,Amanda,Sales,46020.73
1299,Flores,Andrew,Support,70097.02
1949,Brown,Austin,Support,65367.11
1643,Morgan,Ashley,Support,55212.21
1524,Jefferson,Alan,Support,52527.86
1995,Thomas,Angela,Support,52311.15
1915,Long,Amber,Support,52168.66
1753,Smith,Amy,Support,48182.82
1623,Martinez,Abigail,Support,46365.1
1515,Hays,Andrew,Support,45088.88
1370,Wood,Aaron,Support,43014.97
1350,Hill,Brandi,Engineering,107617.92
1913,Long,Barbara,Engineering,92877.07
1095,Cole,Barry,Engineering,69480.89
1859,Dudley,Breanna,Engineering,62907.94
1573,Marquez,Bradley,Finance,106202.18
1703,Serrano,Brooke,Finance,99178.1
1238,Thompson,Brian,Finance,96655.95
1126,Greene,Brian,Finance,96601.49
1646,Lopez,Brandon,Finance,67644.19
1970,Glover,Brittany,Finance,56151.06
1773,Wilson,Benjamin,HR,83612.38
1170,Larson,Brent,HR,80058.27
1971,Barry,Breanna,HR,79576.38
1980,Goodwin,Benjamin,HR,79334.72
1734,Hoover,Brian,HR,70301.79
1161,Friedman,Beverly,HR,64818.1
1688,Hawkins,Bridget,HR,61871.0
1956,Parker,Bailey,HR,58762.28
1909,Rose,Becky,IT,80037.67
1256,Schneider,Brian,IT,71493.24
1140,Foley,Brian,Legal,120900.0
1600,Mann,Barbara,Legal,80354.7
1203,Bradley,Bethany,Legal,68976.97
1917,Hayden,Bryan,Marketing,90642.02
1138,Smith,Brittany,Marketing,84016.86
1723,Peterson,Benjamin,Marketing,65014.11
1990,Olson,Betty,Marketing,63453.38
1781,Phillips,Bobby,Marketing,51003.21
1098,Smith,Bryan,Sales,85367.21
1172,Chavez,Brian,Sales,73032.11
1417,Martinez,Brenda,Sales,72243.7
1115,Terry,Bradley,Sales,61426.87
1768,Dickerson,Brianna,Sales,54900.65
1311,Archer,Brian,Sales,50698.11
1874,Torres,Brittany,Support,70189.39
1502,Jenkins,Bridget,Support,69735.58
1423,Lara,Brandy,Support,62714.94
1065,Collins,Blake,Support,58053.38
1537,Jones,Barry,Support,55172.28
2000,Perry,Brandon,Support,50782.63
1889,Reyes,Brooke,Support,49665.68
1217,Page,Clinton,Engineering,111580.57
1389,Jones,Christopher,Engineering,111463.58
1324,Best,Cheryl,Engineering,110903.68
1866,Hernandez,Cynthia,Engineering,107309.3
1635,Sanders,Christian,Engineering,106245.67
1042,Wood,Christina,Engineering,93913.65
1286,Brooks,Cheryl,Engineering,93892.4
1535,Carr,Cody,Engineering,88898.03
1906,Tyler,Christopher,Engineering,87474.37
1319,Lucas,Cory,Engineering,85490.43
1905,Smith,Christopher,Engineering,82076.5
1365,Nelson,Charles,Engineering,80202.35
1516,Page,Christopher,Engineering,79860.43
1355,Evans,Christopher,Engineering,79636.68
1025,Banks,Cynthia,Engineering,78045.26
1250,White,Clifford,Engineering,67703.69
1766,Martinez,Chelsea,Engineering,62574.65
1107,Santos,Catherine,Finance,108353.15
1584,Willis,Calvin,Finance,105567.46
1607,Smith,Christina,Finance,103243.61
1728,Benson,Chelsea,Finance,101229.58
1822,Smith,Curtis,Finance,98312.91
1018,Robinson,Carolyn,Finance,87784.06
1194,Payne,Christina,Finance,86389.39
1873,Chapman,Carl,Finance,81585.25
1010,Francis,Cheryl,Finance,77017.86
1075,Robinson,Charles,Finance,65387.47
1979,Cox,Cynthia,Finance,56027.21
1818,Turner,Cheryl,HR,94023.62
1754,Ochoa,Christopher,HR,87604.97
1823,Mason,Catherine,HR,82804.51
1962,Hutchinson,Chad,HR,81774.44
1626,Thomas,Christopher,HR,73262.18
1141,Wade,Christine,HR,71310.51
1796,Paul,Carol,HR,69351.86
1782,Martin,Cassandra,HR,64834.08
1879,Ramos,Chloe,HR,63473.74
1539,Clark,Caitlyn,HR,57373.06
1880,Johnson,Courtney,HR,57350.76
1221,Benson,Crystal,IT,109756.9
1571,West,Carly,IT,98049.82
1264,Johnson,Christina,IT,96137.48
1005,Kane,Chelsey,IT,93783.0
1586,Patrick,Christopher,IT,93287.35
1811,Holden,Chad,IT,92998.04
1424,Andrade,Christina,IT,65008.55
1651,Reynolds,Christopher,Legal,116982.52
1383,Williams,Christina,Legal,113845.0
1647,Harris,Cameron,Legal,103275.4
1242,Hill,Cassandra,Legal,100922.49
1413,Hoover,Charles,Legal,93945.25
1269,Rosales,Courtney,Legal,93012.06
1527,Sanchez,Colleen,Legal,76323.14
1202,Anderson,Courtney,Legal,68501.02
1437,Avila,Charles,Marketing,92061.84
1881,Bowers,Charles,Marketing,78281.92
1845,Thomas,Christian,Marketing,71566.1
1465,Taylor,Chase,Marketing,65465.58
1918,Schaefer,Christopher,Marketing,62783.75
1195,Harris,Cindy,Marketing,56015.58
1406,Clark,Christina,Sales,85705.3
1234,Smith,Crystal,Sales,81378.2
1136,Smith,Christopher,Sales,77618.71
1591,Martinez,Christina,Sales,69287.94
1830,Mason,Calvin,Sales,62870.23
1817,Molina,Cathy,Sales,58070.94
1134,Oneal,Cindy,Sales,54918.7
1507,Warren,Christine,Sales,54029.91
1739,Peters,Christine,Support,77999.95
1225,Lee,Colleen,Support,76428.98
1475,Davis,Carrie,Support,74998.45
1034,Johnson,Caitlin,Support,74015.04
1704,Jensen,Carlos,Support,72515.95
1606,Garcia,Christopher,Support,68145.91
1638,Harris,Christopher,Support,66501.89
1482,Armstrong,Curtis,Support,66244.52
1978,Kelley,Christina,Support,65891.03
1082,Russell,Christine,Support,61477.91
1514,Meyer,Chad,Support,54892.16
1576,Holmes,Carl,Support,49341.82
1583,Moore,Carla,Support,48808.62
1374,Hernandez,Courtney,Support,47429.2
1300,Osborne,Cynthia,Support,46432.01
1139,Howell,Cody,Support,44514.3
1432,Knox,Dana,Engineering,115433.99
1468,Rodriguez,David,Engineering,103263.59
1751,Maldonado,David,Engineering,101508.63
1351,Howard,Debbie,Engineering,94604.45
1632,Lowe,David,Engineering,90672.94
1085,Nichols,Dawn,Engineering,89134.13
1118,Thomas,Danielle,Engineering,89032.13
1384,May,Dustin,Engineering,83609.19
1547,Ayers,Darrell,Engineering,79921.91
1164,Wilson,Douglas,Engineering,62207.06
1346,Evans,Dean,Finance,92774.35
1380,Cobb,Deborah,Finance,84476.7
1554,Perez,Daniel,Finance,83509.65
1332,Hooper,Daniel,Finance,61111.01
1114,Reid,Dustin,Finance,55384.67
1714,Mcbride,Douglas,HR,93284.4
1207,Schneider,Danielle,HR,86075.57
1597,Carson,Devin,HR,82820.89
1262,Robinson,Daniel,HR,79984.33
1233,Glover,David,HR,75724.42
1875,Atkinson,Deborah,HR,74835.17
1438,Fernandez,Deborah,HR,73822.35
1407,Garcia,David,HR,71967.32
1821,Bell,Dawn,HR,69948.44
1345,Harris,Debra,HR,62594.38
1797,Young,Danielle,HR,56444.46
1653,Alvarez,David,HR,50190.32
1184,Dominguez,Dana,IT,110185.19
1477,Hayes,David,IT,107579.05
1220,Ortiz,Devin,IT,92669.29
1046,Williams,Dana,IT,89944.81
1189,Holland,Derek,IT,81037.83
1070,Merritt,Dennis,IT,78669.47
1603,Williams,Derrick,IT,77537.21
1360,Jones,Dylan,IT,77236.82
1422,Cox,Daniel,IT,77170.62
1958,Walker,Duane,IT,76388.64
1960,Nelson,Danny,IT,71220.95
1619,Walsh,Debra,IT,62019.29
1083,Spencer,Donna,Legal,93767.61
1064,Mccann,Dana,Legal,92725.28
1692,Harmon,Diane,Legal,90489.05
1385,Richmond,Daniel,Legal,81012.59
1839,Hampton,Douglas,Legal,80995.04
1060,Young,Daniel,Marketing,97451.95
1289,Rivera,David,Marketing,92407.58
1154,Richardson,Dana,Marketing,92395.25
1827,Curtis,Debra,Marketing,91395.54
1366,Aguilar,Donna,Marketing,90824.07
1592,Boyd,Dawn,Marketing,90405.25
1834,Hodges,David,Marketing,84986.58
1130,Blevins,Dillon,Marketing,82454.57
1947,Harris,David,Marketing,77137.51
1674,Levy,Dustin,Marketing,75307.92
1922,Jones,David,Marketing,71342.35
1231,Sweeney,David,Marketing,70095.31
1521,Day,Daniel,Marketing,67783.86
1163,Boone,Debra,Marketing,65248.67
1216,King,Dawn,Sales,89496.22
1472,Luna,Daniel,Sales,84178.84
1590,Clark,Donald,Sales,83721.04
1891,Patterson,Danielle,Sales,77804.02
1169,Pierce,Deborah,Sales,72945.14
1078,Wilson,David,Sales,71733.32
1888,Carrillo,Devon,Sales,57138.08
1578,Tucker,Debra,Sales,55237.04
1388,Brown,Donald,Sales,52058.88
1644,Melton,Daniel,Support,79444.45
1017,Howard,Daniel,Support,78123.92
1682,Fitzgerald,Deborah,Support,75932.92
1272,Salinas,Dawn,Support,63686.53
1777,Johnson,Daniel,Support,63215.87
1447,Rose,David,Support,59823.99
1251,Gonzalez,Derrick,Support,59230.52
1316,Banks,Denise,Support,57821.34
1912,Patel,Derrick,Support,49984.24
1846,Barrett,Devin,Support,44942.92
1287,Freeman,Erin,Engineering,110460.96
1848,Payne,Eric,Engineering,90321.75
1073,Contreras,Erik,Engineering,89253.12
1897,Davis,Emily,Engineering,61029.19
1310,Leon,Emily,Finance,96911.75
1941,Wise,Erin,Finance,87112.86
1183,Mays,Erik,Finance,81234.26
1857,Joseph,Erica,Finance,79925.65
1999,English,Eugene,Finance,69858.94
1036,Sampson,Ernest,Finance,60110.83
1803,Richmond,Erika,HR,85896.1
1357,Valenzuela,Elizabeth,IT,82315.43
1144,Brown,Erin,IT,79076.89
1685,Wright,Eric,Legal,124775.65
1054,Rodriguez,Erika,Legal,105862.12
1538,Gomez,Eric,Marketing,94374.71
1137,Fields,Erica,Marketing,93536.43
1122,Wells,Eugene,Marketing,86953.61
1213,Bradley,Edward,Marketing,72768.63
1506,Anderson,Elizabeth,Marketing,66658.18
1588,Valenzuela,Elizabeth,Marketing,61911.83
1108,Drake,Eileen,Marketing,59552.42
1263,Smith,Evelyn,Sales,68172.44
1069,Jones,Erin,Sales,65958.26
1608,Hawkins,Eric,Sales,62006.73
1852,Harrison,Erika,Sales,49569.81
1016,Cox,Edward,Support,79076.7
1171,Clark,Eric,Support,77325.26
1354,Weber,Emily,Support,71925.59
1801,Williams,Elizabeth,Support,66347.3
1162,Thornton,Emily,Support,65835.33
1500,Nguyen,Ethan,Support,49144.68
1840,Bryan,Earl,Support,43035.23
1149,Smith,Frederick,Engineering,94839.03
1430,Blair,Frank,Legal,122544.49
1532,Briggs,Frances,Sales,58535.34
1309,Walsh,Frances,Support,75717.58
1656,Taylor,George,Engineering,108223.82
1639,Wilson,Gina,Engineering,74530.56
1504,Walters,Gregg,HR,61243.76
1544,Clark,Gregory,HR,51522.44
1459,Baker,Gregory,IT,98409.43
1265,Harper,Grant,IT,80649.98
1522,Bryant,Gregory,IT,69390.92
1301,Cross,George,IT,61139.72
1931,Smith,George,Legal,121589.81
1011,Wheeler,Gary,Legal,117566.67
1672,Brown,Gary,Legal,78057.54
1470,Hardy,Greg,Legal,75436.67
1339,Price,Gabriel,Legal,70413.23
1393,Johnson,Gary,Legal,67797.12
1329,Stanley,Gregory,Marketing,92381.64
1157,Phillips,Gina,Marketing,71580.08
1596,Bennett,Gregory,Marketing,52547.49
1066,Good,Gail,Sales,84081.15
1147,Clarke,Gregory,Sales,70127.03
1258,Caldwell,Gabriel,Sales,55207.91
1090,Stewart,Glenn,Support,46702.03
1903,Joseph,Heather,Finance,97113.72
1628,Sanders,Holly,Finance,86808.43
1039,Wright,Heather,Finance,67524.93
1232,Hopkins,Harold,HR,69306.57
1420,Owens,Holly,HR,58444.64
1872,Lee,Hailey,IT,103681.88
1829,Warren,Haley,IT,75866.98
1185,Suarez,Hector,Legal,117529.96
1294,Wolfe,Holly,Legal,98244.62
1081,Henderson,Heather,Legal,84700.31
1336,Payne,Hannah,Legal,75975.52
1390,Contreras,Heather,Marketing,71753.8
1117,Barnes,Heidi,Marketing,57693.7
1414,Craig,Heidi,Support,50121.68
1335,King,Heather,Support,44670.23
1559,Fernandez,Isaac,HR,58064.94
1224,Perry,Isaac,IT,96062.72
1669,Williams,Ian,Legal,93757.96
1094,Salazar,Jennifer,Engineering,111135.19
1492,Smith,Jessica,Engineering,109476.91
1694,Garcia,Jason,Engineering,105344.47
1247,Poole,James,Engineering,104933.59
1794,Townsend,Jason,Engineering,101439.68
1379,Bradshaw,Joseph,Engineering,93437.35
1916,Martin,Jessica,Engineering,87151.31
1297,Carter,James,Engineering,86983.53
1885,Palmer,Joseph,Engineering,82477.71
1649,Martin,Joshua,Engineering,82258.17
1330,Richardson,Jennifer,Engineering,70757.03
1377,Stevenson,Joe,Engineering,66403.3
1494,Reed,John,Engineering,61660.68
1427,Graves,Jeff,Finance,107691.95
1858,Martinez,John,Finance,107508.73
1969,Ryan,Jason,Finance,107305.47
1627,Martin,John,Finance,106135.05
1737,Campbell,Jonathan,Finance,105101.36
1261,Hart,Jennifer,Finance,96321.67
1696,Woodard,Joyce,Finance,91210.07
1004,Bennett,James,Finance,90719.86
1863,Russell,Jennifer,Finance,85585.72
1278,Young,Joshua,Finance,83751.47
1235,Gay,James,Finance,74857.73
1563,Johnson,Juan,Finance,69504.74
1285,Carney,Jeffrey,Finance,68238.45
1045,Reynolds,Jacob,Finance,65094.08
1957,Moore,James,Finance,64254.97
1595,Williams,Jason,Finance,60040.29
1968,Strickland,Joanna,Finance,58914.25
1096,Taylor,Jacob,Finance,57043.09
1712,Williams,Jason,Finance,56223.69
1555,Barnes,Joseph,HR,92972.69
1604,Martinez,Jason,HR,90043.07
1135,Thompson,Jacqueline,HR,89794.13
1052,Morris,James,HR,89354.61
1804,Bennett,Jonathan,HR,88477.46
1449,Miller,Jo,HR,88181.38
1519,Thomas,Joanna,HR,87557.55
1236,Howell,Jerry,HR,86334.21
1772,Cook,Joshua,HR,86030.35
1629,Kelley,Janet,HR,83987.84
1802,Hodges,Justin,HR,82874.37
1543,Spencer,Joseph,HR,80840.94
1496,Lewis,Janice,HR,73619.26
1935,Watson,John,HR,70926.54
1849,Rogers,Jeanette,HR,70122.81
1403,Villarreal,Joshua,HR,68933.66
1954,Rivers,Joan,HR,68500.2
1546,Brown,John,HR,67993.78
1925,Murphy,Jessica,HR,64610.96
1239,Jackson,Jeffrey,HR,64185.41
1833,Robles,Jennifer,HR,62811.3
1681,Thomas,Joel,HR,60706.6
1780,Jarvis,Jason,HR,58166.17
1820,Gilbert,Joshua,HR,55812.47
1359,Owens,Joshua,HR,52275.97
1914,Schneider,Jennifer,HR,51781.94
1721,Archer,Jennifer,HR,50815.0
1641,Lane,Joel,IT,111654.08
1808,Miller,Jennifer,IT,110132.97
1778,Thomas,Jennifer,IT,104063.66
1206,Best,Joseph,IT,92389.67
1408,Carter,Jason,IT,91151.19
1479,Martin,Joan,IT,89898.29
1884,Dougherty,Jodi,IT,87852.3
1864,Burns,Jon,IT,82696.74
1677,Lopez,Jessica,IT,82255.19
1474,Livingston,Jeff,IT,81659.26
1985,Simmons,Jennifer,IT,80465.96
1633,Mills,Jeremy,IT,74671.87
1856,Gill,Jocelyn,IT,74309.77
1759,Lopez,Jessica,IT,65969.11
1707,Butler,Joseph,IT,65413.85
1396,Howard,Joseph,IT,64263.12
1659,Smith,Jeffrey,IT,61607.34
1026,Howard,Juan,Legal,122301.44
1352,Burke,Jerry,Legal,114502.9
1764,Stevens,Jody,Legal,110422.9
1397,Garcia,Jenna,Legal,107652.66
1338,Hopkins,Jeffrey,Legal,106360.9
1611,Brown,Jennifer,Legal,102847.96
1986,Davis,John,Legal,101547.62
1700,Smith,Julia,Legal,100461.67
1340,Scott,Joseph,Legal,97807.18
1908,Rogers,James,Legal,97040.83
1855,Smith,John,Legal,94701.19
1920,Lopez,Joseph,Legal,85921.35
1072,Hall,Justin,Legal,78411.48
1533,Patterson,Joshua,Legal,76822.71
1483,Williams,Jeffrey,Legal,75184.94
1295,Hernandez,Jeremy,Legal,71040.42
1585,Castaneda,Jennifer,Legal,70956.66
1609,Morales,Jessica,Marketing,98893.2
1386,Flowers,Jessica,Marketing,95148.73
1007,Green,James,Marketing,90846.43
1196,Wall,Jesse,Marketing,88841.06
1212,Oliver,Jason,Marketing,88744.71
1373,Dalton,Joseph,Marketing,79686.68
1868,Edwards,Jordan,Marketing,78095.73
1944,Wells,James,Marketing,77136.34
1306,Franklin,Joseph,Marketing,76450.78
1158,Anderson,Jennifer,Marketing,74057.89
1267,Collins,Jamie,Marketing,69471.06
1453,Crawford,Jay,Marketing,69238.0
1549,Kirk,Jack,Marketing,65557.2
1322,Martin,Jessica,Marketing,65338.26
1783,Mullen,Jonathan,Marketing,64903.62
1750,Yoder,Jerry,Marketing,57428.5
1536,Monroe,Jeffrey,Marketing,56459.94
1050,Hawkins,Jeanette,Marketing,56276.69
1557,Brown,Jackie,Marketing,55592.64
1460,Blackburn,Joseph,Marketing,53994.51
1972,Vasquez,Jake,Marketing,52758.74
1824,Parker,James,Sales,87455.66
1940,Robinson,Jennifer,Sales,86414.62
1260,Bates,Jessica,Sales,84988.88
1056,Dodson,Jeffery,Sales,83259.07
1426,Baker,John,Sales,80931.93
1929,Wood,Jorge,Sales,80755.61
1485,Hall,John,Sales,79406.57
1343,Mckenzie,Jason,Sales,76011.84
1518,Clay,Jack,Sales,73109.59
1419,Aguirre,Jordan,Sales,70988.91
1003,Dean,Jeffrey,Sales,67214.58
1428,Olson,Jill,Sales,65108.6
1313,Lewis,Jenna,Sales,63194.57
1371,Wilson,Jill,Sales,62110.97
1589,Jones,John,Sales,59103.9
1448,Smith,Jill,Sales,58974.41
1314,Williams,John,Sales,57945.59
1787,King,Jennifer,Sales,57688.31
1598,Green,Jennifer,Sales,57488.16
1805,Black,Janice,Sales,54037.87
1658,Heath,James,Sales,50938.74
1334,Black,Jason,Sales,49607.12
1762,Craig,Jeffrey,Sales,48441.26
1410,Swanson,Joe,Sales,45505.47
1648,Williams,Joanne,Support,79580.58
1594,Elliott,Jacob,Support,79429.49
1756,Hensley,John,Support,75970.41
1883,Fuller,Joseph,Support,73836.47
1382,Brooks,Jeffrey,Support,70272.66
1938,Smith,Jose,Support,67889.34
1228,Massey,James,Support,66848.42
1363,Smith,Julie,Support,66574.45
1511,Hatfield,Joshua,Support,64828.74
1442,Lopez,Jonathan,Support,60225.36
1670,Martinez,Jeffrey,Support,55304.99
1321,Fischer,Joseph,Support,53078.96
1775,Williams,Julie,Support,52789.21
1341,Medina,Jason,Support,47255.49
1243,Campos,Janet,Support,43912.61
1178,Gutierrez,Julia,Support,43406.0
1574,Deleon,Karen,Engineering,116781.83
1784,Smith,Kenneth,Engineering,92289.26
1499,Mills,Kimberly,Engineering,90125.53
1747,Baker,Kyle,Engineering,89878.24
1399,Ramirez,Kimberly,Engineering,83601.41
1156,Brown,Kenneth,Engineering,82030.54
1924,Shannon,Kimberly,Engineering,68362.15
1952,Thomas,Kaitlyn,Finance,108745.26
1679,Arnold,Kimberly,Finance,108671.88
1605,Kim,Kristy,Finance,96184.12
1567,Romero,Kristin,Finance,92782.25
1376,Guzman,Kevin,Finance,76315.23
1131,Vincent,Kimberly,Finance,75386.12
1434,Garrett,Kimberly,Finance,69488.27
1800,Parsons,Kelly,Finance,55125.87
1561,Cordova,Kathryn,HR,92073.66
1372,Callahan,Kimberly,HR,83798.63
1513,Smith,Katrina,HR,83106.2
1886,Tran,Karen,HR,81086.46
1246,Sanchez,Kristi,HR,64846.86
1326,Thompson,Kerri,HR,64044.71
1254,Travis,Katherine,IT,108205.88
1333,Luna,Kimberly,IT,106335.56
1719,Meadows,Kathy,IT,99005.86
1684,Cunningham,Kristin,IT,91442.0
1048,Ramos,Kenneth,IT,71379.37
1331,Miller,Kayla,IT,70539.12
1103,Sutton,Kimberly,IT,62833.75
1841,Williams,Kelly,Legal,123701.29
1667,Stewart,Kelly,Legal,120771.94
1529,Sandoval,Katherine,Legal,112809.75
1245,Vega,Kelly,Legal,108301.39
1640,Knapp,Kristina,Legal,107682.05
1124,Wood,Kenneth,Legal,101401.01
1928,Mcpherson,Kimberly,Legal,97141.46
1186,Chandler,Kayla,Legal,90463.39
1988,Padilla,Kevin,Marketing,90538.12
1993,Sanchez,Kathleen,Marketing,83538.21
1456,Mccormick,Kara,Marketing,81970.46
1798,Figueroa,Kenneth,Marketing,81753.98
1622,Silva,Karina,Marketing,80585.91
1008,Johnson,Kimberly,Marketing,79381.46
1850,Boyd,Kayla,Marketing,72242.17
1484,Johnson,Kathleen,Marketing,69694.53
1176,Fowler,Kevin,Marketing,62058.75
1837,Johnson,Katherine,Marketing,56552.86
1763,Johnson,Kathryn,Marketing,56529.43
1744,Jones,Kathleen,Marketing,53795.57
1512,Rivera,Kathy,Sales,81843.42
1580,Walsh,Kenneth,Sales,81362.67
1013,Cain,Kayla,Sales,74305.55
1226,Brock,Katrina,Sales,72531.55
1298,Thompson,Kimberly,Sales,71324.88
1911,Gonzalez,Krista,Sales,66258.98
1281,Salinas,Katherine,Sales,61736.49
1012,Watson,Krystal,Sales,61133.07
1105,Wheeler,Kaitlin,Sales,56529.08
1695,Bean,Kerri,Sales,47869.02
1508,Gonzalez,Kayla,Sales,47649.65
1435,Stewart,Kellie,Support,76168.4
1742,Miller,Krista,Support,68220.64
1145,Aguirre,Katie,Support,66178.06
1204,Booth,Krista,Support,65751.59
1767,Nguyen,Karen,Support,63777.98
1328,Sawyer,Kelsey,Support,59154.33
1758,Gonzalez,Kimberly,Support,54420.14
1727,Gonzalez,Katie,Support,53675.8
1469,Martinez,Katherine,Support,50592.95
1323,Everett,Karen,Support,44270.61
1091,Mills,Kevin,Support,40732.36
1810,Payne,Linda,Engineering,113984.81
1392,Jensen,Lauren,Engineering,113496.25
1402,Pope,Laura,Engineering,104303.3
1271,Freeman,Lisa,Engineering,98377.49
1431,Adams,Lindsay,Engineering,97167.61
1032,Chandler,Lori,Engineering,92298.36
1690,Mercer,Lindsey,Engineering,75287.62
1455,Hubbard,Lawrence,Engineering,73333.17
1112,Salas,Leah,Finance,104931.99
1110,Brennan,Latasha,Finance,102631.16
1451,Myers,Leonard,Finance,81221.96
1729,Miller,Leah,Finance,64441.45
1086,Patel,Lucas,HR,88937.7
1795,Prince,Lauren,HR,84065.99
1476,Wood,Lisa,HR,77063.24
1760,Phillips,Lisa,HR,65774.11
1887,Cruz,Linda,HR,63923.35
1062,Valentine,Larry,HR,61244.68
1602,Goodman,Laura,IT,112112.29
1038,Collins,Luis,IT,60370.27
1717,Lamb,Leslie,Legal,124147.1
1752,Perkins,Lori,Legal,109148.66
1828,Carter,Lisa,Legal,65583.86
1982,Mills,Lydia,Marketing,99677.47
1842,Camacho,Leslie,Marketing,87631.53
1844,Johnson,Luis,Marketing,86968.28
1279,Perez,Leah,Marketing,75570.87
1992,Alvarez,Lauren,Marketing,58519.39
1955,Bush,Lori,Sales,75744.49
1964,Johnson,Lisa,Sales,67354.19
1051,Morrow,Lisa,Sales,52703.77
1347,Ford,Laura,Support,56875.32
1439,Gregory,Lisa,Support,41434.55
1014,Wiley,Michael,Engineering,107949.58
1896,Vargas,Michael,Engineering,91631.05
1662,Harris,Michael,Engineering,88497.45
1030,Douglas,Michael,Engineering,84915.1
1362,Smith,Michele,Engineering,80286.33
1691,Hudson,Mike,Engineering,72942.84
1275,Kirk,Michael,Engineering,67362.7
1937,Moreno,Michael,Finance,109005.46
1249,Martinez,Mitchell,Finance,107910.71
1457,Martin,Melissa,Finance,106585.58
1854,Robinson,Michael,Finance,98738.82
1462,Austin,Mackenzie,Finance,98521.4
1181,Garza,Meghan,Finance,98404.55
1943,Howell,Melissa,Finance,92548.0
1790,Thornton,Mark,Finance,84098.38
1159,Porter,Michael,Finance,80012.05
1724,Guzman,Maria,Finance,79934.3
1676,Morris,Marcus,Finance,73717.58
1491,Warren,Michael,Finance,73305.27
1093,Ross,Michelle,Finance,71889.03
1984,Sanchez,Melissa,Finance,62835.42
1387,Walsh,Monique,Finance,58056.26
1099,Brown,Michael,Finance,57719.07
1642,Mitchell,Monica,Finance,57026.31
1199,Moore,Mark,Finance,55933.87
1087,Marsh,Michelle,Finance,55150.01
1526,Garcia,Misty,HR,92562.38
1327,Mendoza,Melissa,HR,92003.17
1934,Jones,Maria,HR,91644.31
1664,Simon,Matthew,HR,84271.96
1569,Adams,Morgan,HR,82867.81
1375,Sanders,Michelle,HR,76949.42
1142,George,Michael,HR,71930.77
1223,Joseph,Michael,HR,68576.88
1806,Owens,Marcus,HR,67606.31
1711,Lyons,Matthew,HR,64859.83
1745,Schultz,Michael,HR,64086.5
1726,Mccann,Marcus,HR,61563.03
1487,Carlson,Maria,HR,59857.13
1317,Pope,Maria,IT,114359.56
1697,Jones,Melissa,IT,97095.71
1080,Howard,Michael,IT,93476.47
1867,Daniel,Morgan,IT,92773.83
1364,Johnson,Michelle,IT,87939.18
1620,Miller,Michael,IT,76695.8
1478,Newman,Melissa,IT,66148.85
1443,Torres,Mary,IT,63403.24
1994,Russell,Michael,IT,62654.06
1395,Dalton,Matthew,Legal,124723.04
1552,Avila,Michael,Legal,122440.54
1616,Pittman,Melanie,Legal,114315.04
1973,Miller,Marie,Legal,110251.25
1077,Clark,Michael,Legal,110196.34
1657,Davis,Melissa,Legal,108505.47
1119,Brown,Michael,Legal,105873.07
1809,Hayden,Matthew,Legal,104752.29
1686,Burgess,Miranda,Legal,98812.8
1415,Leach,Michele,Legal,98403.6
1528,Smith,Michelle,Legal,92225.55
1353,Mcintosh,Makayla,Legal,90584.64
1788,Rogers,Matthew,Legal,90238.92
1458,Delgado,Melissa,Legal,77533.08
1770,Chan,Mike,Legal,75147.01
1148,Horn,Michael,Legal,72758.54
1320,Santos,Maria,Legal,72279.74
1308,Price,Melanie,Legal,70583.45
1581,Lewis,Miranda,Legal,67283.99
1401,Russell,Megan,Legal,65985.95
1229,Avila,Michael,Marketing,96161.88
1945,Edwards,Michelle,Marketing,92730.12
1933,Vasquez,Michael,Marketing,91789.66
1152,Clark,Mark,Marketing,90831.45
1480,Ruiz,Megan,Marketing,81840.49
1101,Morgan,Mason,Marketing,81233.06
1716,Hicks,Melissa,Marketing,78498.93
1893,Branch,Mathew,Marketing,70195.65
1155,West,Matthew,Marketing,66781.49
1190,Simpson,Melissa,Marketing,63816.43
1100,Strickland,Michael,Marketing,60093.29
1847,Hooper,Michael,Marketing,58089.19
1624,Pham,Michael,Marketing,53003.43
1720,Garrett,Michael,Marketing,52299.89
1898,Howard,Mario,Sales,87538.41
1063,Torres,Michael,Sales,87253.28
1652,Pollard,Matthew,Sales,84542.89
1266,Summers,Matthew,Sales,82732.41
1568,Kelley,Michael,Sales,82052.84
1730,Mccormick,Matthew,Sales,74908.55
1445,Diaz,Michael,Sales,73394.92
1673,Johnson,Marc,Sales,72021.07
1631,Burnett,Marissa,Sales,71880.76
1481,Holloway,Melissa,Sales,69610.18
1057,Moss,Melinda,Sales,69570.98
1028,Stanley,Maria,Sales,62537.02
1167,Pitts,Mary,Sales,58578.97
1404,Nelson,Michael,Sales,49052.14
1092,Cameron,Melanie,Sales,46308.54
1582,Decker,Michael,Support,78689.84
1963,Williams,Marilyn,Support,75144.61
1125,Kim,Mary,Support,73913.82
1892,Scott,Michael,Support,70396.34
1280,Byrd,Mark,Support,68946.29
1143,Vega,Mary,Support,64805.49
1180,Cuevas,Melanie,Support,63322.38
1702,Alexander,Michael,Support,59199.49
1771,Beck,Mary,Support,57824.05
1926,Taylor,Melinda,Support,55613.64
1786,Martinez,Mark,Support,50235.5
1520,Anthony,Matthew,Support,43869.24
1031,Vazquez,Nicole,Finance,108667.31
1525,Collins,Nicole,HR,94315.26
1111,Wolf,Nicholas,HR,66149.16
1132,Wilson,Nicholas,HR,59991.6
1838,Mayer,Nicholas,IT,60221.55
1027,Ramirez,Nicholas,Legal,96007.66
1901,Garner,Natasha,Legal,85570.85
1089,Sheppard,Natasha,Marketing,99306.68
1769,Sandoval,Nicole,Marketing,88041.32
1545,Obrien,Nicholas,Marketing,87668.5
1976,Smith,Nicholas,Marketing,61412.3
1123,Powers,Nicole,Sales,88007.23
1253,Escobar,Nathan,Sales,66118.37
1793,Powers,Natalie,Sales,56780.89
1843,Mathis,Nathan,Sales,49476.33
1738,Martinez,Nancy,Support,69466.35
1718,Collier,Nicholas,Support,50942.03
1715,Richardson,Nicole,Support,49291.87
1732,Jacobs,Olivia,Finance,95441.02
1305,Townsend,Phyllis,Engineering,83337.1
1436,Anthony,Patricia,Finance,89097.78
1175,Roberson,Peter,Finance,75961.92
1936,Tran,Peter,HR,83917.33
1882,Thornton,Patrick,HR,69005.39
1876,Lozano,Peter,IT,110759.92
1900,Ortiz,Philip,IT,98621.42
1613,Davis,Phyllis,IT,86320.48
1283,Hill,Patrick,Legal,111743.91
1998,Gordon,Pamela,Marketing,63905.94
1894,Ray,Pamela,Sales,86257.45
1418,Dean,Peter,Sales,77413.25
1276,Pace,Paula,Sales,66259.22
1191,Park,Paul,Sales,46143.24
1654,Sanders,Patricia,Support,71901.01
1367,Cole,Patrick,Support,70625.66
1731,Hill,Paul,Support,52969.07
1290,Lewis,Patrick,Support,45565.3
1748,Bender,Patricia,Support,45324.92
1967,Evans,Patrick,Support,43232.91
1765,Cabrera,Paige,Support,42080.84
1974,Gomez,Ryan,Engineering,115553.09
1815,Wagner,Raymond,Engineering,112739.81
1450,Cruz,Ryan,Engineering,102214.32
1381,Reeves,Ricky,Engineering,98080.53
1942,Hernandez,Renee,Engineering,92161.04
1047,French,Rose,Engineering,86099.96
1548,Turner,Rachel,Engineering,61606.36
1019,Gilbert,Richard,Finance,108805.18
1061,Jordan,Robert,Finance,106979.52
1966,Austin,Randall,Finance,100155.58
1807,Chandler,Robert,Finance,95314.65
1464,Hampton,Roger,Finance,83982.23
1541,Adkins,Robert,Finance,77352.26
1725,Wallace,Ryan,Finance,77126.81
1740,Warner,Robert,Finance,76483.41
1927,Martinez,Robert,Finance,72095.83
1860,Cook,Robert,HR,87556.07
1671,Welch,Rebecca,HR,76896.82
1022,Hernandez,Robert,HR,76619.37
1831,French,Ryan,HR,65383.13
1996,Johnson,Rebecca,HR,62367.36
1079,Bryan,Robert,HR,53693.91
1851,Myers,Rebecca,HR,51794.56
1084,Price,Richard,IT,105009.17
1259,Smith,Richard,IT,98607.8
1201,Collins,Robert,IT,92590.76
1776,Kline,Ruth,IT,89927.67
1505,Lee,Richard,IT,86754.14
1416,Myers,Robert,IT,76111.52
1698,Carney,Rachel,IT,63156.01
1495,Nelson,Rhonda,IT,63000.56
1128,Griffin,Ryan,IT,61066.29
1946,Williams,Ryan,Legal,122280.24
1757,Robinson,Richard,Legal,118452.27
1255,Rhodes,Rebecca,Legal,103160.47
1127,Williams,Rachel,Legal,89825.32
1021,Vaughn,Regina,Legal,86481.36
1560,Brown,Randall,Legal,79581.62
1579,White,Roger,Legal,75249.39
1074,Hamilton,Raymond,Legal,72437.17
1932,Douglas,Randall,Legal,70893.13
1244,Weeks,Robert,Marketing,97532.48
1791,Gonzalez,Ricky,Marketing,82253.98
1312,Jones,Roger,Marketing,69908.56
1166,Blevins,Robert,Sales,86402.49
1168,Young,Raymond,Sales,81870.16
1493,Thompson,Rebecca,Sales,68019.56
1129,Armstrong,Roger,Sales,62245.1
1950,Anderson,Rebecca,Sales,58429.35
1240,Gonzalez,Rebecca,Sales,47738.05
1040,Fuentes,Russell,Sales,45795.39
1755,Hunter,Rodney,Support,75872.26
1433,Lopez,Rhonda,Support,74243.17
1270,Weaver,Ricky,Support,57371.26
1832,Mcmahon,Robert,Support,48752.17
1153,Nguyen,Ryan,Support,42327.17
1405,Duran,Sean,Engineering,119456.34
1104,Drake,Susan,Engineering,119132.54
1068,Lee,Stacey,Engineering,98607.21
1570,Reynolds,Stacy,Engineering,93883.59
1452,Norman,Steven,Engineering,91220.34
1975,Castillo,Sharon,Engineering,85155.99
1029,Jordan,Sarah,Engineering,83426.26
1814,Norman,Sandy,Engineering,81405.03
1187,Diaz,Shawn,Engineering,76450.54
1736,Johnson,Samuel,Engineering,71094.98
1440,Morgan,Samantha,Engineering,64440.33
1059,Barton,Scott,Engineering,61554.53
1182,Gillespie,Stacey,Finance,103441.58
1208,Cooper,Sean,Finance,102181.52
1106,Thomas,Steven,Finance,98700.15
1636,Griffin,Stephanie,Finance,97921.61
1315,Morgan,Sean,Finance,95814.24
1497,Griffin,Susan,Finance,84124.24
1816,Scott,Shelby,Finance,67705.28
1564,Zamora,Samantha,Finance,58776.51
1530,Rogers,Stephen,HR,87442.79
1015,Young,Sarah,HR,86268.39
1303,Avila,Sara,HR,85045.78
1446,Hawkins,Sarah,HR,83910.52
1412,Porter,Stephen,HR,83487.04
1188,Butler,Suzanne,HR,77663.56
1991,Bryant,Sierra,HR,76315.96
1910,Yang,Sue,HR,76265.7
1344,Watson,Stephanie,HR,50026.55
1257,Shelton,Sherry,IT,98523.09
1058,Fitzgerald,Stephen,IT,97027.41
1237,Harrison,Sonya,IT,90444.3
1680,Shelton,Shelby,IT,79366.94
1509,Yang,Sarah,IT,77796.33
1951,Holland,Sharon,IT,76736.47
1473,Murray,Sherry,IT,69307.64
1227,Martinez,Susan,Legal,110580.56
1291,Bell,Stephanie,Legal,105414.87
1369,Brady,Shari,Legal,99706.83
1610,Wilson,Sandra,Legal,98708.09
1878,Brown,Scott,Legal,80521.92
1861,Knight,Sandra,Legal,79149.52
1948,Watson,Steven,Legal,77650.6
1318,Conway,Stacy,Legal,75172.64
1877,Alexander,Selena,Marketing,98036.66
1540,Torres,Sara,Marketing,97241.65
1710,Bond,Sabrina,Marketing,95012.53
1562,Brady,Sara,Marketing,93721.54
1398,Alvarez,Steven,Marketing,93424.78
1033,Parker,Sarah,Marketing,91691.29
1076,Lowe,Scott,Marketing,79844.26
1429,Mcdonald,Sarah,Marketing,79315.48
1558,Robertson,Shawn,Marketing,73119.44
1133,Moses,Sarah,Marketing,59246.94
1209,Berry,Steven,Marketing,57455.25
1774,Thomas,Sharon,Marketing,55031.9
1959,Hernandez,Samuel,Marketing,53144.69
1618,Case,Susan,Marketing,51685.31
1037,Bell,Scott,Marketing,50429.18
1997,Knapp,Sabrina,Sales,89828.07
1293,Russell,Samantha,Sales,84496.24
1488,Flores,Sarah,Sales,63788.92
1121,Bryan,Stanley,Sales,63535.59
1836,Lee,Sean,Sales,62608.29
1701,Williams,Susan,Sales,57466.64
1577,Blair,Stephanie,Sales,54496.74
1444,Carter,Scott,Support,79979.12
1179,Macias,Steven,Support,78906.04
1666,Sullivan,Stephanie,Support,77777.5
1035,Stevens,Stephanie,Support,75435.61
1113,Watts,Stacey,Support,73436.93
1368,Rojas,Sheryl,Support,71166.57
1044,Ramirez,Sara,Support,63152.36
1088,Riggs,Scott,Support,57124.01
1779,Schmidt,Stephen,Support,50042.34
1825,Mills,Shawn,Support,47152.63
1337,Herrera,Tracy,Engineering,112044.73
1205,Patterson,Todd,Engineering,100923.71
1211,Hines,Terri,Finance,97397.06
1853,Smith,Timothy,Finance,90034.53
1150,Gordon,Timothy,Finance,83313.9
1542,Ward,Tracey,Finance,75297.53
1342,Brock,Tony,Finance,62634.06
1789,Alvarez,Todd,Finance,61757.16
1761,Vasquez,Theresa,HR,91386.92
1683,Sutton,Timothy,HR,78119.21
1899,Miller,Tracy,HR,70584.64
1024,Myers,Tracy,IT,103979.68
1304,Martin,Tracy,IT,97087.75
1349,Long,Toni,IT,92642.42
1869,Carroll,Tamara,IT,73512.61
1987,Harris,Timothy,IT,67766.11
1454,Adams,Terri,IT,66569.69
1650,Parker,Tammy,IT,66010.23
1693,Carter,Tammie,IT,62397.89
1067,Thompson,Tammie,IT,60315.14
1587,West,Timothy,Legal,111240.14
1391,Moreno,Tracy,Legal,96804.32
1006,Cervantes,Tina,Legal,71229.44
1490,Combs,Tim,Legal,71216.95
1961,Moore,Tiffany,Legal,67716.17
1517,Lopez,Taylor,Marketing,95529.85
1655,Williams,Timothy,Marketing,73424.56
1268,Grant,Tammy,Marketing,72427.28
1566,Joyce,Timothy,Marketing,69763.44
1053,King,Tina,Marketing,65272.72
1222,Paul,Thomas,Marketing,52751.71
1197,Gonzalez,Taylor,Sales,85724.4
1813,Moreno,Timothy,Sales,84483.74
1400,Madden,Tiffany,Sales,83478.79
1572,Williamson,Tara,Sales,82144.15
1409,Ortiz,Teresa,Sales,65329.74
1904,Hill,Tara,Sales,56647.32
1645,Austin,Tracy,Sales,56382.29
1177,Rogers,Timothy,Support,72353.44
1551,Fernandez,Thomas,Support,70450.15
1621,Williams,Theresa,Support,68579.45
1819,Taylor,Tamara,Support,67470.14
1689,Johnson,Timothy,Support,66780.25
1498,Mann,Timothy,Support,56565.78
1661,Hester,Theresa,Support,48758.46
1665,Gomez,Vickie,Engineering,69627.38
1835,Montes,Vincent,Finance,105663.59
1921,Mathis,Vicki,HR,84990.25
1923,Andrews,Veronica,HR,84428.72
1907,Molina,Valerie,HR,63535.6
1637,Larson,Valerie,HR,60874.29
1930,Fletcher,Valerie,Legal,95996.48
1601,Hayes,Vincent,Sales,80492.03
1102,Khan,Virginia,Sales,69588.27
1467,Drake,Victoria,Support,45972.5
1049,Johnson,William,Engineering,99569.01
1895,Benitez,William,Engineering,88336.4
1307,Rios,William,Engineering,81957.79
1614,Wolf,Whitney,Engineering,68050.18
1722,Baker,Wendy,Finance,98595.23
1277,West,William,Finance,73245.29
1471,Mills,Wesley,Finance,61960.17
1230,Myers,William,HR,94984.99
1296,Lopez,William,HR,84562.16
1865,Benson,William,HR,54841.89
1173,Hardy,William,IT,88787.35
1531,Thomas,William,IT,68156.47
1617,Kim,William,IT,64598.24
1599,Perez,Wayne,Legal,114085.77
1630,Herrera,William,Legal,84783.03
1678,Saunders,William,Legal,83573.21
1282,Singh,William,Marketing,97887.23
1660,Tanner,William,Marketing,94304.68
1466,Jarvis,Wendy,Marketing,82190.43
1565,Smith,Wendy,Sales,77738.96
1165,Spencer,William,Sales,52495.34
1325,Jones,Whitney,Support,44687.01
1699,Bryant,Zachary,Engineering,71319.66
1501,Walker,Zachary,HR,72150.29
1218,Davis,Zachary,Marketing,80101.02
